Date,Close,Return,Vol_21d,Earnings_Day,Earnings_Window
2019-04-18,62.0,,,False,False
2019-04-22,65.699997,0.05967737096774184,,False,False
2019-04-23,69.0,0.050228358457915956,,False,False
2019-04-24,63.200001,-0.08405795652173909,,False,False
2019-04-25,65.0,0.028480996384794288,,False,False
2019-04-26,66.220001,0.01876924615384601,,False,False
2019-04-29,68.169998,0.029447251140935604,,False,False
2019-04-30,72.470001,0.06307764597557997,,False,False
2019-05-01,72.760002,0.0040016696011913044,,False,False
2019-05-02,75.5,0.03765802535299545,,False,False
2019-05-03,79.18,0.0487417218543047,,False,False
2019-05-06,78.239998,-0.011871710027784865,,False,False
2019-05-07,73.330002,-0.0627555742013185,,False,False
2019-05-08,77.68,0.059320849329855596,,False,False
2019-05-09,75.209999,-0.031797129248197886,,False,False
2019-05-10,79.629997,0.05876875493642819,,False,False
2019-05-13,72.540001,-0.08903674829976449,,False,False
2019-05-14,73.139999,0.008271270908860373,,False,False
2019-05-15,79.760002,0.09051139035427114,,False,False
2019-05-16,83.400002,0.045636909587840835,,False,False
2019-05-17,89.980003,0.07889689259240051,,False,False
2019-05-20,84.669998,-0.05901316762569997,0.053576884912606496,False,False
2019-05-21,85.440002,0.00909417760940534,0.05265989894979887,False,False
2019-05-22,82.43,-0.03522942333264456,0.05301477857758447,False,False
2019-05-23,78.760002,-0.04452260099478356,0.05013697967553343,False,False
2019-05-24,76.25,-0.031868993604139306,0.05085364732508936,False,False
2019-05-28,77.769997,0.019934386885245958,0.05086563116486411,False,False
2019-05-29,75.769997,-0.025716858392060837,0.05117587237362391,False,False
2019-05-30,80.419998,0.06136995095829301,0.05108239693231319,False,False
2019-05-31,79.730003,-0.008579893274804684,0.05118326505648559,False,False
2019-06-03,75.900002,-0.04803713603271775,0.05191136281955664,False,True
2019-06-04,78.739998,0.037417601122065935,0.051453204284212975,False,True
2019-06-05,78.040001,-0.008889979905765233,0.05142004027394816,False,True
2019-06-06,79.43,0.017811365737937512,0.04938009347283947,True,True
2019-06-07,94.050003,0.18406147551303031,0.06210756336046191,False,True
2019-06-10,102.0,0.08452947098789565,0.06328461444013023,False,True
2019-06-11,94.870003,-0.06990193137254908,0.06518271831113844,False,True
2019-06-12,102.769997,0.08327177980588885,0.06285372528685157,False,False
2019-06-13,100.949997,-0.017709448799536398,0.06331963474256684,False,False
2019-06-14,100.290001,-0.006537850615290219,0.0612148644475448,False,False
2019-06-17,98.110001,-0.021736962591116238,0.06116605205574963,False,False
2019-06-18,99.639999,0.01559472005305551,0.05909777934505614,False,False
2019-06-19,102.389999,0.027599357964666282,0.057295940528572745,False,False
2019-06-20,102.300003,-0.0008789530313404459,0.05735008465377825,False,False
2019-06-21,100.470001,-0.01788858207560373,0.05678693823475689,False,False
2019-06-24,89.410004,-0.11008258076955724,0.061586607072239494,False,False
2019-06-25,85.029999,-0.048987862700464624,0.06224765738285064,False,False
2019-06-26,86.330002,0.015288757089130245,0.06220757029957493,False,False
2019-06-27,90.269997,0.04563876877936379,0.06229355600221297,False,False
2019-06-28,88.790001,-0.016395214901801736,0.06140213007916073,False,False
2019-07-01,86.860001,-0.021736681813980474,0.06162992436182832,False,False
2019-07-02,85.129997,-0.019917153811683685,0.06069948304943017,False,False
2019-07-03,90.449997,0.062492660489580354,0.06156473458461985,False,False
2019-07-05,91.879997,0.01580984021480969,0.06145448090024225,False,False
2019-07-08,90.760002,-0.012189758778507587,0.061601107169978055,False,False
2019-07-09,90.93,0.0018730497604000362,0.046579794515928696,False,False
2019-07-10,92.720001,0.01968548333883202,0.042639380271600885,False,False
2019-07-11,91.400002,-0.014236399760176877,0.03996113367621477,False,False
2019-07-12,93.300003,0.020787756656723166,0.035443366563674535,False,False
2019-07-15,99.800003,0.06966773623790767,0.03872733839024991,False,False
2019-07-16,97.099998,-0.027054157503382137,0.03916171463820163,False,False
2019-07-17,99.730003,0.02708553093893995,0.0393051622479648,False,False
2019-07-18,95.190002,-0.045522920519715515,0.040457604461701935,False,False
2019-07-19,93.379997,-0.019014654501215422,0.04006503844986825,False,False
2019-07-22,96.669998,0.0352323956489311,0.04095272610610378,False,False
2019-07-23,97.389999,0.0074480295323891,0.04083053119393947,False,False
2019-07-24,95.940002,-0.014888561606823725,0.03251361352271515,False,False
2019-07-25,97.110001,0.012195111273814563,0.030200153149212604,False,False
2019-07-26,102.199997,0.05241474562439774,0.03176943647927446,False,False
2019-07-29,96.470001,-0.05606649871036684,0.033534607648922826,False,False
2019-07-30,95.489998,-0.01015862952048685,0.03337499635133001,False,False
2019-07-31,95.510002,0.00020948790888031255,0.03286872251188035,False,False
2019-08-01,95.099998,-0.0042927860058049605,0.03244969604903471,False,False
2019-08-02,93.660004,-0.015141893062921019,0.0299956412872119,False,False
2019-08-05,89.690002,-0.042387378074423276,0.031323497831903364,False,False
2019-08-06,90.43,0.00825061861410159,0.03126560468298568,False,False
2019-08-07,92.449997,0.022337686608426388,0.03163417448505456,False,False
2019-08-08,95.769997,0.03591130457256808,0.032297799616413485,False,False
2019-08-09,94.199997,-0.016393443136476282,0.03235551980292817,False,False
2019-08-12,92.160004,-0.02165597733511604,0.032444455588230246,False,False
2019-08-13,95.449997,0.035698707217938,0.02950661713154519,False,False
2019-08-14,92.650002,-0.02933467876379292,0.029608599546759054,False,False
2019-08-15,90.639999,-0.02169458129099655,0.029137795302575018,False,False
2019-08-16,92.529999,0.020851721324489425,0.028001721380424286,False,False
2019-08-19,93.169998,0.006916664940199491,0.02773694933313295,False,False
2019-08-20,91.410004,-0.018890136715469352,0.026824333561487012,False,False
2019-08-21,93.010002,0.017503532764313157,0.027095749797384616,False,False
2019-08-22,93.879997,0.009353778962395864,0.027028305368177758,False,False
2019-08-23,91.629997,-0.023966766850237575,0.027317120306257416,False,False
2019-08-26,91.760002,0.0014188039316425094,0.02430014135236151,False,False
2019-08-27,91.730003,-0.00032692893794838973,0.021281003208075095,False,False
2019-08-28,90.160004,-0.017115436047680066,0.021464760455377867,False,False
2019-08-29,90.870003,0.007874877645302591,0.021578227927456575,False,False
2019-08-30,91.669998,0.008803730313511782,0.02170200347587926,False,False
2019-09-03,92.459999,0.008617879537861306,0.021575479576848338,False,True
2019-09-04,93.529999,0.01157257204815676,0.019430496143797785,False,True
2019-09-05,92.690002,-0.008981043611472672,0.019524836686316747,True,True
2019-09-06,85.410004,-0.07854135120204231,0.025576741202593126,False,True
2019-09-09,78.650002,-0.0791476605012218,0.02883973984580585,False,True
2019-09-10,80.349998,0.021614697479600764,0.02953197831072283,False,True
2019-09-11,80.709999,0.0044804108146958566,0.029439149661141664,False,False
2019-09-12,81.529999,0.010159831621358473,0.028134639136239134,False,False
2019-09-13,78.849998,-0.03287134837325345,0.02828465585643451,False,False
2019-09-16,80.669998,0.023081801473222807,0.028824323649604647,False,False
2019-09-17,84.639999,0.04921285606081205,0.03070525127610535,False,False
2019-09-18,84.550003,-0.0010632797857192955,0.030615595102282855,False,False
2019-09-19,84.620003,0.0008279124484478206,0.03044289574713714,False,False
2019-09-20,82.629997,-0.02351696914971735,0.03036303339521267,False,False
2019-09-23,82.620003,-0.00012094881233026822,0.030206461714471347,False,False
2019-09-24,80.019997,-0.031469449353566326,0.030477483749135437,False,False
2019-09-25,79.599998,-0.005248675527943392,0.030431294491963225,False,False
2019-09-26,79.75,0.0018844472835288784,0.030456787589202523,False,False
2019-09-27,76.040001,-0.04652036363636358,0.03163735379116201,False,False
2019-09-30,76.199997,0.002104103075958541,0.03152117735253596,False,False
2019-10-01,75.809998,-0.005118097314360859,0.03129873838055807,False,False
2019-10-02,73.849998,-0.025854109638678402,0.03125859530100683,False,False
2019-10-03,76.830002,0.04035212025327328,0.03284977021511955,False,False
2019-10-04,76.529999,-0.003904763662507693,0.032867020081201764,False,False
2019-10-07,76.989998,0.0060107017641539695,0.028791049347602682,False,False
2019-10-08,73.589996,-0.04416160655050283,0.025022984650611015,False,False
2019-10-09,72.860001,-0.009919758658500255,0.02441955034318595,False,False
2019-10-10,71.010002,-0.025391147057491792,0.024746397027472212,False,False
2019-10-11,71.349998,0.004788001555048549,0.0246006489196308,False,False
2019-10-14,70.800003,-0.007708409466248289,0.023829278347327905,False,False
2019-10-15,71.110001,0.0043785026393288184,0.023070777829596385,False,False
2019-10-16,67.690002,-0.048094486737526365,0.021177047942973617,False,False
2019-10-17,67.029999,-0.00975037642929899,0.021070764235205392,False,False
2019-10-18,66.080002,-0.014172713921717484,0.020911142430074227,False,False
2019-10-21,65.769997,-0.004691358816847346,0.020773147217184994,False,False
2019-10-22,62.0,-0.057320924007340346,0.02296482055523613,False,False
2019-10-23,62.060001,0.0009677580645162109,0.02277341291107332,False,False
2019-10-24,64.519997,0.039638993882710416,0.025375023038971167,False,False
2019-10-25,63.450001,-0.016583943734529316,0.025275405921219237,False,False
2019-10-28,66.559998,0.049014924365407,0.027010160444280333,False,False
2019-10-29,65.489998,-0.016075721636890528,0.02702969733871832,False,False
2019-10-30,70.0,0.06886550828723492,0.03168556163528979,False,False
2019-10-31,69.889999,-0.0015714428571428352,0.03126215068861515,False,False
2019-11-01,70.389999,0.007154099401260439,0.02981067462475255,False,False
2019-11-04,70.120003,-0.003835715354961189,0.029810659285860734,False,False
2019-11-05,66.889999,-0.04606394554774895,0.031097441709880363,False,False
2019-11-06,66.830002,-0.0008969502301833243,0.029866617525028432,False,False
2019-11-07,66.809998,-0.00029932664075038584,0.029847559594530986,False,False
2019-11-08,69.849998,0.04550217169591897,0.031247568531757343,False,False
2019-11-11,68.389999,-0.020901918995044122,0.03153903989565365,False,False
2019-11-12,68.0,-0.0057025735590375826,0.03152247374157176,False,False
2019-11-13,68.010002,0.00014708823529407944,0.03149687119886796,False,False
2019-11-14,67.739998,-0.0039700631092467464,0.029662034050953873,False,False
2019-11-15,70.010002,0.03351054129053854,0.030410970804882042,False,False
2019-11-18,70.080002,0.000999857134698967,0.030174112891838144,False,False
2019-11-19,69.639999,-0.0062785814418211405,0.03019693331392247,False,False
2019-11-20,70.989998,0.01938539660231764,0.02698395142614822,False,False
2019-11-21,69.919998,-0.015072545853572095,0.02738168080307889,False,False
2019-11-22,73.160004,0.0463387599067151,0.027828051278930503,False,False
2019-11-25,74.550003,0.0189994385456842,0.027441471841846626,False,False
2019-11-26,75.160004,0.008182440985280648,0.025791431794481397,False,False
2019-11-27,74.080002,-0.014369371241651496,0.025720615780883176,False,False
2019-11-29,74.5,0.005669519285380176,0.021346750343436905,False,False
2019-12-02,68.93,-0.07476510067114084,0.027306090257396817,False,True
2019-12-03,70.019997,0.015813100246626854,0.02748901772868124,False,True
2019-12-04,69.959999,-0.0008568695025794604,0.02747530000371812,False,True
2019-12-05,69.669998,-0.004145240196472666,0.02538505497606948,True,True
2019-12-06,62.740002,-0.09946887037372976,0.0337361320862614,False,True
2019-12-09,65.940002,0.05100414246081808,0.03569950732017677,False,True
2019-12-10,64.57,-0.02077649315206287,0.03438114469170077,False,True
2019-12-11,63.52,-0.016261421712869595,0.03427613087805666,False,False
2019-12-12,62.490002,-0.016215333753148764,0.03439514948984591,False,False
2019-12-13,63.540001,0.016802671889816878,0.03467278449538323,False,False
2019-12-16,66.349998,0.04422406288599223,0.03614419985516225,False,False
2019-12-17,66.169998,-0.002712886291269978,0.03530217400123349,False,False
2019-12-18,67.599998,0.021611002617832886,0.03567637283235081,False,False
2019-12-19,68.18,0.008579911496447101,0.03571564599533444,False,False
2019-12-20,66.93,-0.01833382223525959,0.03562013044107798,False,False
2019-12-23,66.150002,-0.011653936949051369,0.03556602750894928,False,False
2019-12-24,66.459999,0.004686273478873071,0.03385481869955817,False,False
2019-12-26,67.449997,0.014896148283119803,0.033727043032282134,False,False
2019-12-27,66.639999,-0.012008866360661119,0.03364425643033179,False,False
2019-12-30,66.790001,0.002250930405926388,0.033612163511647954,False,False
2019-12-31,68.040001,0.018715376273163997,0.03392598822660889,False,False
2020-01-02,68.720001,0.009994120958346064,0.029851315450902208,False,False
2020-01-03,67.279999,-0.02095462716887897,0.029973490585147963,False,False
2020-01-06,70.32,0.045184319934368444,0.031656302757565646,False,False
2020-01-07,71.900002,0.02246874288964751,0.031982248675194315,False,False
2020-01-08,72.550003,0.00904034745367599,0.021965786908605612,False,False
2020-01-09,72.620003,0.0009648517864291328,0.019554555876450205,False,False
2020-01-10,73.089996,0.006471949608704897,0.0186569965574065,False,False
2020-01-13,74.029999,0.012860898227440076,0.0179832311652666,False,False
2020-01-14,73.160004,-0.011751925054058199,0.01771365272244049,False,False
2020-01-15,76.940002,0.051667547749177256,0.020086167938048422,False,False
2020-01-16,76.110001,-0.010787639438844976,0.018859367041599545,False,False
2020-01-17,75.559998,-0.007226422188589932,0.018997496276812364,False,False
2020-01-21,76.730003,0.015484449854008764,0.01879998681629435,False,False
2020-01-22,75.540001,-0.015508952866846504,0.019374690310458006,False,False
2020-01-23,74.470001,-0.014164680776215577,0.019142861468443656,False,False
2020-01-24,73.0,-0.019739505576211736,0.019576636360627227,False,False
2020-01-27,70.440002,-0.035068465753424594,0.02143095541768627,False,False
2020-01-28,71.510002,0.015190232390964287,0.02143921900006641,False,False
2020-01-29,73.580002,0.028946999609928525,0.02186388009904515,False,False
2020-01-30,74.540001,0.01304700970244621,0.02192398270185746,False,False
2020-01-31,76.300003,0.02361151028157349,0.022097250640157877,False,False
2020-02-03,87.660004,0.14888598366110162,0.03829525597690007,False,False
2020-02-04,85.790001,-0.021332453966121157,0.0383117535162226,False,False
2020-02-05,86.989998,0.013987609115425848,0.03757044726321937,False,False
2020-02-06,87.260002,0.003103851088719356,0.03750762705233886,False,False
2020-02-07,88.639999,0.01581477158343403,0.03752908323477525,False,False
2020-02-10,89.669998,0.011620024950586894,0.03746978951847918,False,False
2020-02-11,88.68,-0.011040459708719919,0.03776278469698401,False,False
2020-02-12,88.279999,-0.004510611186287816,0.03788442377412054,False,False
2020-02-13,89.860001,0.017897621407992892,0.037621659200641575,False,False
2020-02-14,90.949997,0.012129935320165375,0.03642725270265893,False,False
2020-02-18,96.389999,0.059813108075198906,0.03778239268630155,False,False
2020-02-19,103.93,0.07822389333150626,0.04014165152987985,False,False
2020-02-20,105.290001,0.01308574040219379,0.04014666013469224,False,False
2020-02-21,101.760002,-0.03352644093905943,0.04103427740161865,False,False
2020-02-24,105.010002,0.031937892454050765,0.040624534674875715,False,False
2020-02-25,107.080002,0.01971240796662399,0.039731237574125854,False,False
2020-02-26,106.879997,-0.0018678090797943359,0.03809396361129043,False,False
2020-02-27,113.550003,0.062406495015152386,0.03913168546628012,False,False
2020-02-28,105.0,-0.07529725032239765,0.044567272546115214,False,True
2020-03-02,113.110001,0.07723810476190462,0.046376211140231834,False,True
2020-03-03,117.470001,0.03854654726773443,0.04653183176237656,False,True
2020-03-04,116.800003,-0.005703566819583061,0.03657699634968948,True,True
2020-03-05,125.0,0.07020545196390104,0.03754821199433105,False,True
2020-03-06,114.32,-0.08544000000000007,0.04390885112707824,False,True
2020-03-09,113.75,-0.00498600419874029,0.04404465882042374,False,True
2020-03-10,108.489998,-0.04624177582417588,0.04593217308515821,False,False
2020-03-11,110.300003,0.016683611700315515,0.045950661709527885,False,False
2020-03-12,109.470001,-0.007524949931325131,0.04587300398096781,False,False
2020-03-13,107.470001,-0.018269845452910882,0.046203958309892594,False,False
2020-03-16,107.860001,0.0036289196647536492,0.04619356030251213,False,False
2020-03-17,111.099998,0.03003891127351288,0.046404523247222405,False,False
2020-03-18,118.709999,0.06849685991893528,0.04690099606355916,False,False
2020-03-19,123.769997,0.042624867682797385,0.04495329743276192,False,False
2020-03-20,130.550003,0.05477907541679916,0.04603554934660517,False,False
2020-03-23,159.559998,0.2222136678158484,0.06393071497658236,False,False
2020-03-24,135.179993,-0.15279522001498147,0.07453887184333079,False,False
2020-03-25,138.110001,0.02167486426782106,0.074546715697291,False,False
2020-03-26,141.149994,0.022011389312784013,0.07446213008050616,False,False
2020-03-27,151.699997,0.07474320544427382,0.07489463909931447,False,False
2020-03-30,150.880005,-0.005405352776638339,0.07211233977956485,False,False
2020-03-31,146.119995,-0.03154831549747117,0.07168863385780071,False,False
2020-04-01,137.0,-0.0624144217908027,0.07337182355091791,False,False
2020-04-02,121.93,-0.10999999999999999,0.07786906637732188,False,False
2020-04-03,128.199997,0.05142292298859985,0.0771860902990474,False,False
2020-04-06,122.940002,-0.04102960314421844,0.07519620502010975,False,False
2020-04-07,113.75,-0.0747519265535721,0.0772242716870135,False,False
2020-04-08,117.809998,0.035692290109889946,0.07669175567111122,False,False
2020-04-09,124.510002,0.056871268260271224,0.07745150951463582,False,False
2020-04-13,135.919998,0.09163919216706784,0.07941765927600136,False,False
2020-04-14,141.889999,0.043922903824645365,0.07934050037220641,False,False
2020-04-15,151.559998,0.06815137830820639,0.08007216784730264,False,False
2020-04-16,150.259995,-0.008577480978853025,0.08025760948464727,False,False
2020-04-17,150.059998,-0.001331006300113291,0.07948235368963445,False,False
2020-04-20,148.990005,-0.007130434587904078,0.07933365257398776,False,False
2020-04-21,143.270004,-0.038391843801871106,0.07941606236076777,False,False
2020-04-22,150.25,0.04871917222812394,0.06334827744583263,False,False
2020-04-23,169.089996,0.12539098835274554,0.058924670989515454,False,False
2020-04-24,158.800003,-0.060855125929508036,0.060988712809028164,False,False
2020-04-27,164.600006,0.03652394767272149,0.06123198151245239,False,False
2020-04-28,156.720001,-0.04787366168139762,0.060503908142172096,False,False
2020-04-29,146.479996,-0.06533949039471987,0.06232071555115681,False,False
2020-04-30,135.169998,-0.0772118945169824,0.06425887239086583,False,False
2020-05-01,138.559998,0.025079529852475302,0.06295144793323806,False,False
2020-05-04,143.440002,0.03521942891482999,0.057744965357865524,False,False
2020-05-05,144.820007,0.009620782074445389,0.05693659574288783,False,False
2020-05-06,149.589996,0.032937362031753015,0.056075484068081535,False,False
2020-05-07,157.800003,0.05488339607950787,0.0532421698538901,False,False
2020-05-08,155.399994,-0.01520918222035783,0.053508776839839685,False,False
2020-05-11,166.479996,0.07129988692277567,0.054167002821195125,False,False
2020-05-12,161.039993,-0.0326766165948249,0.05216389069497469,False,False
2020-05-13,167.139999,0.03787882678310828,0.051980169409759684,False,False
2020-05-14,167.910004,0.0046069463001492394,0.05018946601045801,False,False
2020-05-15,174.830002,0.04121254145166975,0.05063674858835938,False,False
2020-05-18,164.690002,-0.05799919855860902,0.052653582616421224,False,False
2020-05-19,173.679993,0.0545873513317463,0.053612578503710505,False,False
2020-05-20,175.479996,0.010363905300249554,0.052516416661695896,False,False
2020-05-21,172.029999,-0.01966034350718815,0.05218006358710737,False,False
2020-05-22,171.059998,-0.005638557261167021,0.044708969759161325,False,False
2020-05-26,164.0,-0.041272057070876444,0.04353182685040625,False,False
2020-05-27,161.970001,-0.01237804268292686,0.04292133161144107,False,False
2020-05-28,163.550003,0.009754905169136796,0.041519030343205136,False,True
2020-05-29,179.479996,0.09740136171076674,0.04330261744628594,False,True
2020-06-01,204.149994,0.13745263288283116,0.04673573201767669,False,True
2020-06-02,208.080002,0.019250590818043367,0.0467265504801169,True,True
2020-06-03,223.869995,0.07588424090845591,0.048184551245210136,False,True
2020-06-04,210.350006,-0.06039214411024574,0.05143223923741325,False,True
2020-06-05,207.600006,-0.013073448640643304,0.05179457430110132,False,True
2020-06-08,209.830002,0.010741791597058015,0.051069436900927044,False,False
2020-06-09,205.429993,-0.02096939883744564,0.05125417015390366,False,False
2020-06-10,221.020004,0.07588965356193156,0.051517200406886544,False,False
2020-06-11,222.070007,0.0047507147814547235,0.0504282187010042,False,False
2020-06-12,219.520004,-0.011482878910342942,0.05053660078049755,False,False
2020-06-15,239.020004,0.08883017330848819,0.05301516107742321,False,False
2020-06-16,242.559998,0.014810450760430971,0.05275581199269563,False,False
2020-06-17,236.759995,-0.02391162206391506,0.050822015351861136,False,False
2020-06-18,241.570007,0.02031598285850622,0.05015504838671588,False,False
2020-06-19,243.479996,0.007906565155665124,0.05017412934451232,False,False
2020-06-22,251.270004,0.03199444770813953,0.04955622181989936,False,False
2020-06-23,252.809998,0.00612884138768921,0.049325805979059785,False,False
2020-06-24,255.899994,0.012222602050730558,0.047351196230567334,False,False
2020-06-25,259.51001,0.014107135930609083,0.04672619025203596,False,False
2020-06-26,256.799988,-0.010442841877274955,0.047232621578116765,False,False
2020-06-29,248.559998,-0.03208718997292159,0.045414825299048917,False,False
2020-06-30,253.539993,0.020035383971961584,0.036050327062873956,False,False
2020-07-01,259.130005,0.02204785104652096,0.03608757582562946,False,False
2020-07-02,261.73999,0.010072106470263797,0.03289784568166172,False,False
2020-07-06,261.0,-0.002827195034277974,0.029094745704393354,False,False
2020-07-07,262.100006,0.0042145823754788925,0.02862878346181073,False,False
2020-07-08,266.320007,0.01610072836091425,0.02864518875022884,False,False
2020-07-09,269.519989,0.012015552402715457,0.027645646020170125,False,False
2020-07-10,275.869995,0.023560426903994847,0.02382223916838334,False,False
2020-07-13,260.299988,-0.05643965375792326,0.02798692761466242,False,False
2020-07-14,260.01001,-0.0011140146498967995,0.027716911406647976,False,False
2020-07-15,256.220001,-0.014576396501042366,0.02112520894244232,False,False
2020-07-16,248.539993,-0.029974271992919133,0.022164481197467747,False,False
2020-07-17,246.539993,-0.008046994674213215,0.021519693295362474,False,False
2020-07-20,268.579987,0.08939723625286233,0.02856252263737186,False,False
2020-07-21,260.440002,-0.03030748899395852,0.029596295431780054,False,False
2020-07-22,261.179993,0.002841310836727784,0.028873870884187643,False,False
2020-07-23,251.5,-0.03706253640951751,0.03009508238743096,False,False
2020-07-24,246.559998,-0.019642155069582445,0.03026027934427941,False,False
2020-07-27,252.330002,0.023402028093786775,0.030563965523116406,False,False
2020-07-28,252.179993,-0.000594495299056863,0.0304856247772938,False,False
2020-07-29,252.389999,0.0008327623357495817,0.029610080107933683,False,False
2020-07-30,250.0,-0.009469467924519415,0.02936766362833528,False,False
2020-07-31,253.910004,0.015640015999999868,0.029156766962194033,False,False
2020-08-03,268.0,0.05549208687342633,0.031570430565961635,False,False
2020-08-04,267.339996,-0.002462701492537356,0.03156797931937386,False,False
2020-08-05,272.899994,0.020797479177040223,0.03184260702070977,False,False
2020-08-06,268.25,-0.01703918688983186,0.031950644251630377,False,False
2020-08-07,258.730011,-0.03548924137931042,0.03278914869250352,False,False
2020-08-10,250.0,-0.03374177957268354,0.032988260489348956,False,False
2020-08-11,231.039993,-0.075840028,0.03474988012631663,False,False
2020-08-12,236.720001,0.024584522905521267,0.035344426672348904,False,False
2020-08-13,247.25,0.04448292901114015,0.0367707717855202,False,False
2020-08-14,244.910004,-0.009464088978766494,0.03623274603339068,False,False
2020-08-17,266.149994,0.08672569373687167,0.04080464055711883,False,False
2020-08-18,276.799988,0.04001500747732489,0.036899430948036306,False,False
2020-08-19,273.51001,-0.011885759185798705,0.03630513517926205,False,False
2020-08-20,290.690002,0.0628130283056183,0.0385827522995546,False,False
2020-08-21,289.679993,-0.0034745226634934623,0.037394339654807894,False,False
2020-08-24,282.279999,-0.025545409344165715,0.037629346113432216,False,False
2020-08-25,290.440002,0.028907478492657956,0.03776729040553278,False,False
2020-08-26,295.269989,0.016629895905316827,0.037772149574823805,False,True
2020-08-27,294.679993,-0.0019981576928903566,0.03780484989285146,False,True
2020-08-28,299.269989,0.015576205066626159,0.03761813212085104,False,True
2020-08-31,325.100006,0.0863100810285391,0.04120612368850814,True,True
2020-09-01,457.690002,0.40784372055655993,0.09549820595975066,False,True
2020-09-02,423.559998,-0.0745701322966631,0.09796618792228988,False,True
2020-09-03,381.320007,-0.09972611011297627,0.10174271438668857,False,True
2020-09-04,369.890015,-0.029974802764545116,0.10201850579669136,False,True
2020-09-08,350.880005,-0.051393682524790596,0.10250600468999496,False,False
2020-09-09,389.649994,0.11049358312680146,0.10363054240196329,False,False
2020-09-10,384.480011,-0.013268274296444615,0.10144029587202863,False,False
2020-09-11,383.0,-0.0038493834728901,0.10168769115879997,False,False
2020-09-14,403.51001,0.05355093994778071,0.1017832280510589,False,False
2020-09-15,410.940002,0.018413401937661833,0.1014542319569673,False,False
2020-09-16,408.170013,-0.006740616602226024,0.10084925430588723,False,False
2020-09-17,413.125,0.012139517461318361,0.10082066592390725,False,False
2020-09-18,438.730011,0.06197884659606645,0.10081856239589468,False,False
2020-09-21,468.470001,0.06778654127674888,0.10091303378954986,False,False
2020-09-22,492.600006,0.05150811140199352,0.10079331886186313,False,False
2020-09-23,500.529999,0.016098239755198085,0.10005867282011863,False,False
2020-09-24,464.980011,-0.07102468997068045,0.10254363115200042,False,False
2020-09-25,496.5,0.06778783658293652,0.10289347335643381,False,False
2020-09-28,487.660004,-0.017804624370594158,0.10319185563446419,False,False
2020-09-29,465.5,-0.045441503954054,0.10442928717306041,False,False
2020-09-30,470.109985,0.009903297529538113,0.1035399702712654,False,False
2020-10-01,482.98999,0.02739785456801136,0.05419128117946013,False,False
2020-10-02,482.230011,-0.0015734880965131426,0.05115812394359846,False,False
2020-10-05,485.369995,0.0065113823867757326,0.04490083508121678,False,False
2020-10-06,478.25,-0.014669211268405702,0.044297067569469835,False,False
2020-10-07,480.609985,0.004934626241505535,0.04182478117264963,False,False
2020-10-08,478.549988,-0.004286213487637025,0.035931164399147515,False,False
2020-10-09,492.410004,0.028962525018389584,0.035718758793644036,False,False
2020-10-12,491.540009,-0.001766810164157473,0.03567408681324793,False,False
2020-10-13,518.789978,0.05543794706648186,0.03578471595821489,False,False
2020-10-14,509.25,-0.01838890187658948,0.0363842539910693,False,False
2020-10-15,536.400024,0.05331374374079534,0.03727809533814213,False,False
2020-10-16,559.0,0.042132690135748385,0.037784333039688596,False,False
2020-10-19,568.340027,0.01670845617173522,0.0362407286050287,False,False
2020-10-20,537.02002,-0.05510786767091436,0.03687269324679447,False,False
2020-10-21,513.190002,-0.04437454305707256,0.037044349071672714,False,False
2020-10-22,520.539978,0.014322134046563129,0.03701402247477509,False,False
2020-10-23,511.519989,-0.017328138819723837,0.0333528889520505,False,False
2020-10-26,517.789978,0.012257563995216714,0.030183326083213273,False,False
2020-10-27,538.98999,0.04094326445229113,0.03092695109970446,False,False
2020-10-28,516.01001,-0.04263526304078502,0.030702294265435404,False,False
2020-10-29,489.679993,-0.05102617486044492,0.033041927381489145,False,False
2020-10-30,460.910004,-0.05875263317119028,0.03507699479481917,False,False
2020-11-02,453.0,-0.017161710380232953,0.03524013411520406,False,False
2020-11-03,451.51001,-0.003289161147902786,0.03518134698236159,False,False
2020-11-04,483.700012,0.07129410486381027,0.03857439767043439,False,False
2020-11-05,496.730011,0.026938182089604634,0.038976313810026836,False,False
2020-11-06,500.109985,0.006804448946411634,0.038957815746658374,False,False
2020-11-09,413.23999,-0.17370178081927323,0.05425685189273122,False,False
2020-11-10,376.01001,-0.09009287799082555,0.05718920684830653,False,False
2020-11-11,413.339996,0.09927923461399324,0.06044461917538844,False,False
2020-11-12,428.640015,0.03701557833275837,0.06121607625958863,False,False
2020-11-13,403.579987,-0.05846404237364533,0.06062951923898064,False,False
2020-11-16,399.149994,-0.010976741024574244,0.05936935823469782,False,False
2020-11-17,401.630005,0.006213230708453921,0.059140251812199146,False,False
2020-11-18,415.040009,0.033388949612965346,0.059266761396166746,False,False
2020-11-19,414.290009,-0.0018070547025262895,0.058774186774600536,False,False
2020-11-20,439.600006,0.06109246288872017,0.06053863658366262,False,False
2020-11-23,430.279999,-0.021201107535926744,0.06058014710935156,False,False
2020-11-24,427.549988,-0.006344731352479149,0.060429886246884244,False,False
2020-11-25,443.720001,0.03782016946285127,0.06030904511873635,False,True
2020-11-27,471.609985,0.06285491737389592,0.0616076349565997,False,True
2020-11-30,478.359985,0.014312674062658015,0.06067114884122863,True,True
2020-12-01,406.309998,-0.15061875838130567,0.06803866902347804,False,True
2020-12-02,412.859985,0.016120664104356974,0.06809579836925848,False,True
2020-12-03,413.540009,0.001647105616205513,0.06809988045791593,False,True
2020-12-04,410.01001,-0.008536051949449841,0.06600995256135277,False,True
2020-12-07,407.850006,-0.005268173818487987,0.0655882039880664,False,False
2020-12-08,412.0,0.010175294689096948,0.0656282135545137,False,False
2020-12-09,385.359985,-0.06466023058252424,0.05527712856962398,False,False
2020-12-10,397.959991,0.032696716032932116,0.051860660246740395,False,False
2020-12-11,397.01001,-0.0023871269009049234,0.04704689029865632,False,False
2020-12-14,395.98999,-0.002569255117774061,0.04624187331589813,False,False
2020-12-15,399.429993,0.008687095853104898,0.044480511989491406,False,False
2020-12-16,404.0,0.011441321583479436,0.044460142248848866,False,False
2020-12-17,401.619995,-0.005891101485148487,0.04447545283426709,False,False
2020-12-18,406.01001,0.010930768026128801,0.043924240299422386,False,False
2020-12-21,408.970001,0.007290438479583328,0.04395112345498794,False,False
2020-12-22,409.0,7.335256846863203e-05,0.041694463640484826,False,False
2020-12-23,383.880005,-0.06141808068459664,0.04347965539402904,False,False
2020-12-24,375.170013,-0.022689360963199956,0.04366100734367671,False,False
2020-12-28,351.390015,-0.06338459145454134,0.04425215130806754,False,False
2020-12-29,353.75,0.006716141322342439,0.041219048253485255,False,False
2020-12-30,353.399994,-0.0009894162544169527,0.04085069276442954,False,False
2020-12-31,337.320007,-0.04550081288343211,0.02744378140077519,False,False
2021-01-04,359.980011,0.0671765787079448,0.03166628592430012,False,False
2021-01-05,360.829987,0.002361175548716954,0.03167531474019812,False,False
2021-01-06,344.410004,-0.04550614857849944,0.032830341964303074,False,False
2021-01-07,342.5,-0.005545727411565005,0.03282934942403994,False,False
2021-01-08,349.609985,0.02075908029197082,0.033197654984898496,False,False
2021-01-11,337.709991,-0.03403791227530295,0.031160194324739994,False,False
2021-01-12,356.809998,0.05655742355576332,0.03301398519907831,False,False
2021-01-13,364.630005,0.021916445850264532,0.03351986887444147,False,False
2021-01-14,383.23999,0.05103799672218412,0.035573122016979986,False,False
2021-01-15,384.529999,0.00336606051993682,0.03551993355563645,False,False
2021-01-19,393.869995,0.024289381905935548,0.0358577226244181,False,False
2021-01-20,382.799988,-0.02810573829062568,0.03634613603646071,False,False
2021-01-21,382.809998,2.6149426107124896e-05,0.0362350993156014,False,False
2021-01-22,383.399994,0.0015412241140053684,0.03618171305643954,False,False
2021-01-25,391.829987,0.02198746252458217,0.03657190649323505,False,False
2021-01-26,374.390015,-0.04450902835060455,0.03535021843614968,False,False
2021-01-27,370.73999,-0.009749258403699779,0.03505743322679996,False,False
2021-01-28,378.589996,0.021173885234231138,0.03214610652346881,False,False
2021-01-29,372.070007,-0.017221767793357157,0.0324694798141873,False,False
2021-02-01,381.929993,0.02650035158571673,0.03285641008687019,False,False
2021-02-02,391.839996,0.025947171423114535,0.031103376102265455,False,False
2021-02-03,380.470001,-0.029016933228020902,0.02889856837704545,False,False
2021-02-04,389.980011,0.024995426643374064,0.029291532448891173,False,False
2021-02-05,419.589996,0.07592693000872797,0.030945509843112087,False,False
2021-02-08,410.809998,-0.020925184307778344,0.03150615809633122,False,False
2021-02-09,430.029999,0.04678562131781416,0.03248184618979292,False,False
2021-02-10,431.0,0.0022556589127635807,0.03092732425368136,False,False
2021-02-11,432.769989,0.0041067030162413865,0.029231667321386854,False,False
2021-02-12,433.109985,0.0007856274895252646,0.029151337495203825,False,False
2021-02-16,444.51001,0.026321316512709858,0.027822101785254245,False,False
2021-02-17,429.420013,-0.033947485232109886,0.029250872227699787,False,False
2021-02-18,417.910004,-0.026803615694548366,0.02974583172781976,False,False
2021-02-19,417.26001,-0.0015553444372679026,0.028899026853436146,False,False
2021-02-22,394.339996,-0.05492981222907045,0.03167948787492972,False,False
2021-02-23,388.160004,-0.01567173520993792,0.03191077292570629,False,False
2021-02-24,385.230011,-0.0075484155240270745,0.0315920121821687,False,True
2021-02-25,364.730011,-0.05321496097042133,0.03225089436309665,False,True
2021-02-26,373.609985,0.02434670504808012,0.0326312880678194,False,True
2021-03-01,409.660004,0.09649104801093578,0.038572490819156875,True,True
2021-03-02,372.790009,-0.0900014515451697,0.04356440555079814,False,True
2021-03-03,341.570007,-0.08374688496547134,0.046855379511267656,False,True
2021-03-04,343.089996,0.004450007227947195,0.04639506457274061,False,True
2021-03-05,337.429993,-0.01649713796959551,0.04615461973926195,False,True
2021-03-08,310.929993,-0.07853480884848307,0.048305030185138285,False,False
2021-03-09,342.109985,0.10027978227240353,0.050694526893649,False,False
2021-03-10,336.029999,-0.01777202147432211,0.05066040312340678,False,False
2021-03-11,355.170013,0.05695924190387536,0.05125867791689938,False,False
2021-03-12,346.390015,-0.024720549817363047,0.051331509961465155,False,False
2021-03-15,350.0,0.010421735164623636,0.05143117869141416,False,False
2021-03-16,335.079987,-0.04262860857142847,0.05189686606805212,False,False
2021-03-17,336.649994,0.004685469323478131,0.05133328053901336,False,False
2021-03-18,316.320007,-0.06038909063518361,0.05221772833248923,False,False
2021-03-19,326.26001,0.031423883346082704,0.05299719862695692,False,False
2021-03-22,328.5,0.0068656590797013806,0.05309913433355213,False,False
2021-03-23,339.76001,0.03427704718417046,0.05289182686002443,False,False
2021-03-24,314.959991,-0.07299275450339204,0.0548720421248537,False,False
2021-03-25,314.850006,-0.00034920308338459716,0.05490056181395017,False,False
2021-03-26,319.950012,0.016198208362111277,0.05413439518559221,False,False
2021-03-29,308.390015,-0.036130634681770246,0.05411380040074926,False,False
2021-03-30,313.190002,0.015564664115341076,0.04895895820899967,False,False
2021-03-31,321.290009,0.025862916913931278,0.04612287310510397,False,False
2021-04-01,326.230011,0.015375523239504085,0.04271893740301555,False,False
2021-04-05,323.959991,-0.006958342039230736,0.04271447521675314,False,False
2021-04-06,329.790009,0.017996104957293868,0.04278661436021068,False,False
2021-04-07,323.079987,-0.020346347120539954,0.03919452401232721,False,False
2021-04-08,331.279999,0.025380748823665034,0.032732040139061225,False,False
2021-04-09,322.649994,-0.02605048607235716,0.03299278241180656,False,False
2021-04-12,321.51001,-0.003533190829688837,0.030161297452597914,False,False
2021-04-13,342.75,0.06606323081511523,0.03341662437726764,False,False
2021-04-14,329.200012,-0.039533152443471886,0.034403738545364444,False,False
2021-04-15,332.380005,0.009659759672183688,0.033213975210287294,False,False
2021-04-16,329.950012,-0.0073108880301027135,0.033235156828877545,False,False
2021-04-19,324.329987,-0.017032958919849905,0.030563162929430236,False,False
2021-04-20,321.779999,-0.007862325724448227,0.029842770742574565,False,False
2021-04-21,322.76001,0.003045593271942426,0.02980897174772722,False,False
2021-04-22,328.320007,0.017226412280753056,0.029039107903801677,False,False
2021-04-23,336.880005,0.02607211810884258,0.024487355611066703,False,False
2021-04-26,336.420013,-0.0013654476168747376,0.02449632934812779,False,False
2021-04-27,333.48999,-0.008709419436352062,0.02445085940497738,False,False
2021-04-28,331.25,-0.0067168132992536655,0.02293748389462871,False,False
2021-04-29,321.100006,-0.030641491320754666,0.023932849188646486,False,False
2021-04-30,319.570007,-0.004764867553443852,0.02329601927140262,False,False
2021-05-03,313.920013,-0.017679988347592324,0.02332189331331425,False,False
2021-05-04,304.850006,-0.028892732621032313,0.02405473926184755,False,False
2021-05-05,297.589996,-0.0238150233134653,0.023993398719434827,False,False
2021-05-06,293.049988,-0.01525591606244725,0.02385176230241727,False,False
2021-05-07,295.23999,0.007473134583441787,0.02304138032278717,False,False
2021-05-10,288.48999,-0.022862756498535308,0.022907399804038928,False,False
2021-05-11,300.25,0.040764014030434836,0.024999793875015688,False,False
2021-05-12,289.700012,-0.03513734554537884,0.02035125706248917,False,False
2021-05-13,290.160004,0.0015878218189373516,0.019081784120263005,False,False
2021-05-14,307.890015,0.06110425543004894,0.023869952733480405,False,False
2021-05-17,308.929993,0.0033777581257385947,0.023895667890113347,False,False
2021-05-18,312.859985,0.012721302848700544,0.023895479509319178,False,False
2021-05-19,310.459991,-0.00767114401031499,0.02389294837084258,False,False
2021-05-20,324.709991,0.04589963413353315,0.02602933268846603,False,False
2021-05-21,316.399994,-0.02559205823759214,0.02633748908154035,False,False
2021-05-24,321.559998,0.01630848324225953,0.025910369301354545,False,False
2021-05-25,321.279999,-0.0008707519646148354,0.025911103043882333,False,False
2021-05-26,326.049988,0.014846828357964581,0.026109566596518002,False,False
2021-05-27,326.429993,0.001165480797380214,0.02607618430095057,False,True
2021-05-28,331.529999,0.015623582726357998,0.02533533238999904,False,True
2021-06-01,327.720001,-0.011492166656085767,0.025465024901385226,True,True
2021-06-02,327.109985,-0.0018613938671385721,0.025100504951297016,False,True
2021-06-03,319.01001,-0.02476223708059533,0.02485922206545112,False,True
2021-06-04,336.0,0.05325848552526602,0.026426928941269256,False,True
2021-06-07,342.660004,0.0198214404761905,0.026114659544873256,False,False
2021-06-08,341.26001,-0.004085665043066955,0.026243286184632182,False,False
2021-06-09,333.630005,-0.02235833316654956,0.02621456625714104,False,False
2021-06-10,346.5,0.03857565209100433,0.026078757569106454,False,False
2021-06-11,366.399994,0.0574314401154401,0.02639247919587287,False,False
2021-06-14,365.910004,-0.001337308973864193,0.026455455706065643,False,False
2021-06-15,359.0,-0.018884435857074888,0.024642583705722303,False,False
2021-06-16,361.829987,0.00788297214484679,0.024623367015328898,False,False
2021-06-17,372.950012,0.030732734708359022,0.025110795199233166,False,False
2021-06-18,374.23999,0.003458849600465941,0.024864301724522662,False,False
2021-06-21,369.25,-0.013333663246410388,0.02383449548277722,False,False
2021-06-22,374.649994,0.014624222071767168,0.022724769414466817,False,False
2021-06-23,376.920013,0.006059039200198013,0.022654602383074384,False,False
2021-06-24,373.399994,-0.009338901832203872,0.022891402081338122,False,False
2021-06-25,372.470001,-0.0024906079671762615,0.02292314951603155,False,False
2021-06-28,388.859985,0.04400350083495708,0.024280809466924194,False,False
2021-06-29,394.730011,0.01509547453179061,0.02427349171045569,False,False
2021-06-30,387.029999,-0.019507034645004473,0.024665364292745084,False,False
2021-07-01,386.480011,-0.00142104746769256,0.024656535339850204,False,False
2021-07-02,388.890015,0.006235779164268429,0.023480707567843078,False,False
2021-07-06,401.119995,0.03144842893433508,0.021887638781331528,False,False
2021-07-07,393.910004,-0.0179746487082999,0.02247318881812233,False,False
2021-07-08,386.01001,-0.020055327155387492,0.023124140816079743,False,False
2021-07-09,385.079987,-0.0024093235302369287,0.02228977365489062,False,False
2021-07-12,379.119995,-0.0154772831650688,0.02158124381953792,False,False
2021-07-13,378.390015,-0.0019254589829797997,0.0178719757621302,False,False
2021-07-14,360.609985,-0.04698863420061439,0.020795315185798382,False,False
2021-07-15,356.809998,-0.010537664396619517,0.020503860402506888,False,False
2021-07-16,361.970001,0.014461486586482941,0.02068127222586097,False,False
2021-07-19,354.200012,-0.02146583688851056,0.01995494954996303,False,False
2021-07-20,355.809998,0.004545414865767983,0.019971931028823445,False,False
2021-07-21,352.970001,-0.00798177964633806,0.019856731417754292,False,False
2021-07-22,361.390015,0.02385475812716442,0.02033845019094049,False,False
2021-07-23,359.230011,-0.005976933258656891,0.020283777906278683,False,False
2021-07-26,373.140015,0.038721720274089266,0.022058742992956112,False,False
2021-07-27,367.540009,-0.015007787358319091,0.022302786447922614,False,False
2021-07-28,369.48999,0.0053054931497267255,0.019922343651358823,False,False
2021-07-29,386.019989,0.044737339163098966,0.022138839488773245,False,False
2021-07-30,378.100006,-0.02051702819980139,0.022182497921208643,False,False
2021-08-02,378.959991,0.002274490839336396,0.022192626976619334,False,False
2021-08-03,374.880005,-0.01076627110221784,0.022236974049133922,False,False
2021-08-04,400.579987,0.06855522209033271,0.026121885525823226,False,False
2021-08-05,398.679993,-0.0047431076480612955,0.025817979062145485,False,False
2021-08-06,383.470001,-0.03815087856691113,0.026833842836259492,False,False
2021-08-09,383.339996,-0.00033902260844664855,0.026828257743054768,False,False
2021-08-10,372.549988,-0.028147357730968436,0.027334321368718124,False,False
2021-08-11,358.559998,-0.03755198080961952,0.02850882697875014,False,False
2021-08-12,362.859985,0.011992377911604013,0.026722748194244188,False,False
2021-08-13,355.23999,-0.020999821735648294,0.027037065477664664,False,False
2021-08-16,348.410004,-0.019226399595383303,0.027143619387180396,False,False
2021-08-17,345.540009,-0.008237406983296669,0.026807811136427006,False,False
2021-08-18,340.929993,-0.013341482548841377,0.0269120712173131,False,False
2021-08-19,332.380005,-0.025078427171410622,0.027366598075031515,False,False
2021-08-20,336.859985,0.013478488274287104,0.02695745239466587,False,False
2021-08-23,341.299988,0.01318055927598527,0.027174980007486076,False,False
2021-08-24,340.25,-0.003076437260232101,0.02551655057833984,False,False
2021-08-25,337.73999,-0.007376958119030164,0.02540723586479429,False,True
2021-08-26,340.630005,0.008556922738109929,0.02547477602679845,False,True
2021-08-27,340.809998,0.0005284120522501823,0.022989373657175,False,True
2021-08-30,347.5,0.01962971168469063,0.023358933956964232,True,True
2021-08-31,289.5,-0.16690647482014387,0.04250419679897216,False,True
2021-09-01,290.859985,0.004697702936096615,0.04265687380567095,False,True
2021-09-02,295.089996,0.014543117713493592,0.039095185018707346,False,True
2021-09-03,298.290009,0.010844193443955374,0.039419292142189165,False,True
2021-09-07,299.959991,0.005598518051605383,0.039173584857828056,False,False
2021-09-08,293.600006,-0.02120277767310641,0.039159031158463725,False,False
2021-09-09,295.859985,0.007697476000732673,0.039192687648961416,False,False
2021-09-10,301.5,0.01906312203727034,0.039157625266629845,False,False
2021-09-13,290.23999,-0.03734663349917089,0.03941452841952434,False,False
2021-09-14,281.440002,-0.030319695090948673,0.039599444019520987,False,False
2021-09-15,279.119995,-0.008243344881727177,0.03954682451921268,False,False
2021-09-16,278.220001,-0.0032243981661005394,0.03957109970070393,False,False
2021-09-17,287.679993,0.03400184014807772,0.04067120665450773,False,False
2021-09-20,280.670013,-0.0243672836852441,0.04065585924301797,False,False
2021-09-21,278.23999,-0.008657935965535435,0.040380183733371385,False,False
2021-09-22,277.950012,-0.0010421866389513923,0.04012194769893674,False,False
2021-09-23,276.190002,-0.006332109818365517,0.0401046638446449,False,False
2021-09-24,272.359985,-0.013867326739799957,0.04011620686247032,False,False
2021-09-27,272.880005,0.0019093113109107662,0.03999388171151051,False,False
2021-09-28,261.890015,-0.0402740757792055,0.040462216755339904,False,False
2021-09-29,257.410004,-0.017106459747997627,0.03983333069330989,False,False
2021-09-30,261.5,0.015889032813192427,0.01926303520417284,False,False
2021-10-01,267.51001,0.022982829827915996,0.020101889944142935,False,False
2021-10-04,259.579987,-0.029643836505407806,0.020398076738800563,False,False
2021-10-05,257.119995,-0.009476816870323646,0.020043567723512817,False,False
2021-10-06,253.649994,-0.013495648208922906,0.019882812740004942,False,False
2021-10-07,256.269989,0.010329174303075339,0.020007473536478415,False,False
2021-10-08,255.050003,-0.004760549624872379,0.019755947827185448,False,False
2021-10-11,253.970001,-0.004234471622413638,0.01886154677953378,False,False
2021-10-12,255.490005,0.005984974579734015,0.017828535815859473,False,False
2021-10-13,266.23999,0.04207595126862196,0.019765202075055072,False,False
2021-10-14,267.01001,0.0028922026326700934,0.01975151304074036,False,False
2021-10-15,266.320007,-0.0025841840161724416,0.019749900604882954,False,False
2021-10-18,274.230011,0.029701125683734286,0.01937786091745191,False,False
2021-10-19,276.399994,0.007913003365630944,0.01879464228049207,False,False
2021-10-20,275.709991,-0.0024963929630186232,0.01870983575233719,False,False
2021-10-21,274.779999,-0.0033730805206838577,0.01872156596523025,False,False
2021-10-22,277.579987,0.010189926523727966,0.01880587345942844,False,False
2021-10-25,279.790009,0.007961748337425911,0.0185793278693917,False,False
2021-10-26,278.700012,-0.0038957681294473634,0.018615253719319252,False,False
2021-10-27,272.809998,-0.021133884988853158,0.01687149128878135,False,False
2021-10-28,276.579987,0.013819101307276815,0.016457481171076416,False,False
2021-10-29,274.649994,-0.006978064540873796,0.016356753363706688,False,False
2021-11-01,278.940002,0.015619909316291425,0.01596929085942633,False,False
2021-11-02,280.290009,0.004839775544276392,0.014217142620042058,False,False
2021-11-03,285.660004,0.01915871000596403,0.014257579616158133,False,False
2021-11-04,282.200012,-0.01211227316232899,0.014170193178270944,False,False
2021-11-05,264.700012,-0.06201275427302244,0.020317450371568818,False,False
2021-11-08,259.899994,-0.018133803484678412,0.0207367004583527,False,False
2021-11-09,258.399994,-0.0057714506911454855,0.02075918780755517,False,False
2021-11-10,251.259995,-0.027631575718999435,0.02163574596443355,False,False
2021-11-11,247.600006,-0.014566540925068483,0.01947646624514434,False,False
2021-11-12,254.970001,0.02976573029646845,0.020743020307746066,False,False
2021-11-15,263.709991,0.03427850321889436,0.022198601812027995,False,False
2021-11-16,264.48999,0.002957790855940612,0.0211373121396622,False,False
2021-11-17,263.709991,-0.0029490681291944876,0.021027947183263437,False,True
2021-11-18,255.75,-0.03018463945873029,0.021908776772222187,False,True
2021-11-19,251.300003,-0.01739979276637338,0.022122592576932016,False,True
2021-11-22,242.279999,-0.035893370045045336,0.022915174952861044,True,True
2021-11-23,206.639999,-0.147102526610131,0.03808488129854232,False,True
2021-11-24,208.300003,0.00803331401487295,0.038324864119316064,False,True
2021-11-26,220.210007,0.05717716672332451,0.041198003295546765,False,True
2021-11-29,218.979996,-0.005585627178150809,0.04087008584346424,False,False
2021-11-30,211.410004,-0.034569331163929795,0.04120300162018896,False,False
2021-12-01,197.710007,-0.06480297403523061,0.04227707145523024,False,False
2021-12-02,191.75,-0.030145196444204214,0.04213044469188281,False,False
2021-12-03,183.919998,-0.04083443024771838,0.041584809583843516,False,False
2021-12-06,185.839996,0.010439310683333147,0.04208363048483239,False,False
2021-12-07,189.059998,0.017326743808151912,0.04156902702633273,False,False
2021-12-08,194.860001,0.03067810780364022,0.04273502233308265,False,False
2021-12-09,188.270004,-0.03381913664261971,0.042945303524952655,False,False
2021-12-10,185.25,-0.016040813384164965,0.04283622476991976,False,False
2021-12-13,184.570007,-0.0036706774628879613,0.042888456869485066,False,False
2021-12-14,181.940002,-0.014249362844744429,0.04175617137661938,False,False
2021-12-15,183.729996,0.009838375180406977,0.0406377477663135,False,False
2021-12-16,182.399994,-0.007238894186880618,0.04045755884544295,False,False
2021-12-17,199.740005,0.09506585290786806,0.04721443631012855,False,False
2021-12-20,197.970001,-0.008861539780175787,0.04703379820171322,False,False
2021-12-21,199.419998,0.007324326881222865,0.047175640032675464,False,False
2021-12-22,193.130005,-0.03154143547830135,0.04706496205611038,False,False
2021-12-23,191.649994,-0.0076632887779400916,0.03499010239323835,False,False
2021-12-27,187.440002,-0.02196708652127588,0.03512898003873669,False,False
2021-12-28,183.770004,-0.019579587925954045,0.032275080155298175,False,False
2021-12-29,181.809998,-0.010665538212645376,0.032274405832549466,False,False
2021-12-30,190.520004,0.04790718935049987,0.03389934185531435,False,False
2021-12-31,183.910004,-0.03469451953192282,0.03178809961188356,False,False
2022-01-03,184.259995,0.0019030558011408072,0.03118178776948293,False,False
2022-01-04,179.850006,-0.023933513077540214,0.03032052041492696,False,False
2022-01-05,174.880005,-0.027634144199027655,0.03076001873020072,False,False
2022-01-06,176.330002,0.00829138242533789,0.030531859211639808,False,False
2022-01-07,171.600006,-0.026824680691604597,0.029944318109444673,False,False
2022-01-10,172.559998,0.005594358778751918,0.029317204405648535,False,False
2022-01-11,175.970001,0.01976126008068224,0.02960597403289653,False,False
2022-01-12,170.649994,-0.030232465589404622,0.030239739791871112,False,False
2022-01-13,162.100006,-0.05010248051927846,0.03185739069881801,False,False
2022-01-14,159.720001,-0.014682325181406886,0.031735007111785125,False,False
2022-01-18,157.699997,-0.01264715744648659,0.03176596183376824,False,False
2022-01-19,157.229996,-0.002980348820171508,0.021717310410787276,False,False
2022-01-20,155.809998,-0.009031342848854318,0.021716464509826908,False,False
2022-01-21,147.660004,-0.05230725951231974,0.023043062813839228,False,False
2022-01-24,152.949997,0.03582549679465008,0.025072095516294895,False,False
2022-01-25,145.889999,-0.04615886327869634,0.02621660843437053,False,False
2022-01-26,140.330002,-0.03811088517452099,0.026737185927443022,False,False
2022-01-27,136.809998,-0.025083759351759993,0.026828154871076666,False,False
2022-01-28,143.809998,0.0511658511975126,0.03033163791960231,False,False
2022-01-31,154.279999,0.07280440265356236,0.03309615641075818,False,False
2022-02-01,155.679993,0.009074371331827535,0.03280577001370727,False,False
2022-02-02,148.110001,-0.0486253362048904,0.03392360022429428,False,False
2022-02-03,137.940002,-0.06866517406883288,0.03618433645884624,False,False
2022-02-04,144.100006,0.04465712563930513,0.03800856316483975,False,False
2022-02-07,141.440002,-0.018459430182119596,0.037866044650956575,False,False
2022-02-08,142.690002,0.008837669558290795,0.037862308312962965,False,False
2022-02-09,149.600006,0.04842668654528448,0.03974195727006588,False,False
2022-02-10,145.720001,-0.025935861259256954,0.03950980647269205,False,False
2022-02-11,141.240005,-0.03074386473549362,0.03952421946077463,False,False
2022-02-14,142.089996,0.006018061242634598,0.03843340762752746,False,False
2022-02-15,146.899994,0.03385177095789338,0.03930636062973197,False,False
2022-02-16,138.509995,-0.057113678302805004,0.040999585308692896,False,False
2022-02-17,129.380005,-0.06591574853497029,0.043065111756508956,False,False
2022-02-18,126.959999,-0.018704636779075856,0.043124382131713275,False,False
2022-02-22,126.610001,-0.0027567580557400495,0.04196586849945382,False,False
2022-02-23,120.099998,-0.05141776280374566,0.04188900021478556,False,True
2022-02-24,126.970001,0.057202357322270636,0.04354323819966396,False,True
2022-02-25,125.32,-0.012995203489050922,0.042949096082952457,False,True
2022-02-28,132.600006,0.05809133418448775,0.04475270313190877,True,True
2022-03-01,122.779999,-0.07405736467312074,0.045848834952245905,False,True
2022-03-02,121.610001,-0.00952922307810089,0.04209517318589096,False,True
2022-03-03,113.110001,-0.06989556722394896,0.04376120805223076,False,True
2022-03-04,108.940002,-0.03686675769722603,0.043371900504493445,False,True
2022-03-07,107.879997,-0.009730172393424441,0.041498149649301506,False,False
2022-03-08,108.489998,0.0056544402758929024,0.03972648066868009,False,False
2022-03-09,109.080002,0.00543832621326068,0.039894232034152925,False,False
2022-03-10,103.330002,-0.05271360372728995,0.04057817430247028,False,False
2022-03-11,98.120003,-0.05042097066832529,0.03860351593664417,False,False
2022-03-14,94.639999,-0.03546681505910665,0.03874283089488833,False,False
2022-03-15,98.970001,0.045752346214627426,0.04116531846276661,False,False
2022-03-16,106.839996,0.07951899485178338,0.04597310357639329,False,False
2022-03-17,111.290001,0.041651115374433445,0.0463956728058879,False,False
2022-03-18,116.279999,0.04483779275013222,0.04678332791830675,False,False
2022-03-21,116.870003,0.005073993851685499,0.04485773478983973,False,False
2022-03-22,119.800003,0.025070590611690147,0.04515021326082597,False,False
2022-03-23,116.809998,-0.024958304884182825,0.04543306328086034,False,False
2022-03-24,117.75,0.008047273487668427,0.0440875806631556,False,False
2022-03-25,113.93,-0.032441613588110374,0.042584887697654866,False,False
2022-03-28,117.449997,0.030896137979461002,0.0432084318510405,False,False
2022-03-29,126.260002,0.0750106873140235,0.04452636321506849,False,False
2022-03-30,122.389999,-0.03065106081655211,0.04191517111318645,False,False
2022-03-31,117.230003,-0.042160274876707926,0.0429056993901142,False,False
2022-04-01,118.019997,0.006738838008901293,0.03989504770101128,False,False
2022-04-04,124.279999,0.053041875606893996,0.040250840891651464,False,False
2022-04-05,122.019997,-0.018184760365181574,0.04046883454309284,False,False
2022-04-06,116.089996,-0.04859859978524672,0.042229270488202006,False,False
2022-04-07,114.32,-0.015246757351942808,0.042436505043233055,False,False
2022-04-08,110.900002,-0.02991600769769065,0.04121161648512633,False,False
2022-04-11,109.050003,-0.016681685902945276,0.03960320700015708,False,False
2022-04-12,106.580002,-0.022650169023837763,0.03903042984452305,False,False
2022-04-13,114.889999,0.07796957068925559,0.04122646299235501,False,False
2022-04-14,110.309998,-0.039864226998557184,0.039032806337479437,False,False
2022-04-18,105.739998,-0.041428701684864455,0.03904855966133328,False,False
2022-04-19,111.18,0.05144696522502312,0.039466949983517755,False,False
2022-04-20,103.699997,-0.06727831444504417,0.04195293164365597,False,False
2022-04-21,100.949997,-0.02651880501018722,0.04162246069590514,False,False
2022-04-22,100.169998,-0.007726587649130812,0.04142645366502025,False,False
2022-04-25,102.440002,0.022661515876240657,0.041803826979523624,False,False
2022-04-26,98.360001,-0.039828201096677174,0.04206952406466201,False,False
2022-04-27,97.620003,-0.007523363079266376,0.04120481906890062,False,False
2022-04-28,102.559998,0.0506043315733149,0.03903427526448522,False,False
2022-04-29,99.57,-0.029153647214384737,0.038994349405200114,False,False
2022-05-02,104.790001,0.052425439389374384,0.04041678385358003,False,False
2022-05-03,103.529999,-0.012024067067238575,0.04036192501254908,False,False
2022-05-04,108.980003,0.052641785498326765,0.040333018297855384,False,False
2022-05-05,100.839996,-0.07469266632338045,0.043019229529429936,False,False
2022-05-06,96.379997,-0.044228472599304736,0.04282396312606227,False,False
2022-05-09,92.339996,-0.04191742193144088,0.04344211620331874,False,False
2022-05-10,90.68,-0.01797699882941295,0.0432353982339316,False,False
2022-05-11,84.800003,-0.06484337229819148,0.04492677140197575,False,False
2022-05-12,84.970001,0.0020046933253055066,0.04492781731133567,False,False
2022-05-13,94.839996,0.11615858401602241,0.04922438250773656,False,False
2022-05-16,88.919998,-0.06242090098780684,0.050192075817359766,False,False
2022-05-17,90.940002,0.02271709452804971,0.05007348714046416,False,False
2022-05-18,84.690002,-0.0687266314333268,0.05004992378412085,False,False
2022-05-19,90.940002,0.07379855770932675,0.05165872599986794,False,False
2022-05-20,89.739998,-0.013195557220242904,0.05146240768917146,False,False
